folder,mutation_code,wt,chain,resnum,icode,mut,wt_pdb,mut_pdb,analyseComplexChains,wt_energy,mut_energy,ddG,status
P_74,LP74S,L,P,74,,S,LP74S_WT.pdb,LP74S_MUT.pdb,"A,B",-19.2457,-19.1083,0.13739999999999952,ok
P_74,LP74K,L,P,74,,K,LP74K_WT.pdb,LP74K_MUT.pdb,"A,B",-19.2457,-19.1171,0.12859999999999872,ok
P_74,LP74G,L,P,74,,G,LP74G_WT.pdb,LP74G_MUT.pdb,"A,B",-19.2457,-19.0786,0.1670999999999978,ok
P_74,LP74Q,L,P,74,,Q,LP74Q_WT.pdb,LP74Q_MUT.pdb,"A,B",-19.2457,-19.2149,0.030799999999999272,ok
P_74,LP74E,L,P,74,,E,LP74E_WT.pdb,LP74E_MUT.pdb,"A,B",-19.2457,-19.1593,0.08639999999999759,ok
P_74,LP74I,L,P,74,,I,LP74I_WT.pdb,LP74I_MUT.pdb,"A,B",-19.2457,-19.1298,0.11589999999999989,ok
P_74,LP74M,L,P,74,,M,LP74M_WT.pdb,LP74M_MUT.pdb,"A,B",-19.2457,-19.1898,0.05589999999999762,ok
P_74,LP74A,L,P,74,,A,LP74A_WT.pdb,LP74A_MUT.pdb,"A,B",-19.2457,-19.1086,0.13710000000000022,ok
P_74,LP74Y,L,P,74,,Y,LP74Y_WT.pdb,LP74Y_MUT.pdb,"A,B",-19.2457,-19.1812,0.06449999999999889,ok
P_74,LP74C,L,P,74,,C,LP74C_WT.pdb,LP74C_MUT.pdb,"A,B",-19.2457,-19.1057,0.14000000000000057,ok
P_74,LP74W,L,P,74,,W,LP74W_WT.pdb,LP74W_MUT.pdb,"A,B",-19.2457,-19.4643,-0.21860000000000213,ok
P_74,LP74F,L,P,74,,F,LP74F_WT.pdb,LP74F_MUT.pdb,"A,B",-19.2457,-19.332,-0.08630000000000138,ok
P_74,LP74R,L,P,74,,R,LP74R_WT.pdb,LP74R_MUT.pdb,"A,B",-19.2457,-20.8306,-1.584900000000001,ok
P_74,LP74D,L,P,74,,D,LP74D_WT.pdb,LP74D_MUT.pdb,"A,B",-19.2457,-19.1336,0.11209999999999809,ok
P_74,LP74H,L,P,74,,H,LP74H_WT.pdb,LP74H_MUT.pdb,"A,B",-19.2457,-19.1089,0.13680000000000092,ok
P_74,LP74P,L,P,74,,P,LP74P_WT.pdb,LP74P_MUT.pdb,"A,B",-19.2457,-19.1034,0.14229999999999876,ok
P_74,LP74T,L,P,74,,T,LP74T_WT.pdb,LP74T_MUT.pdb,"A,B",-19.2457,-19.1482,0.09750000000000014,ok
P_74,LP74V,L,P,74,,V,LP74V_WT.pdb,LP74V_MUT.pdb,"A,B",-19.2457,-19.1522,0.0934999999999988,ok
P_74,LP74N,L,P,74,,N,LP74N_WT.pdb,LP74N_MUT.pdb,"A,B",-19.2457,-19.1106,0.13509999999999778,ok
P_80,TP80L,T,P,80,,L,TP80L_WT.pdb,TP80L_MUT.pdb,"A,B",-19.2544,-20.6006,-1.3461999999999996,ok
P_80,TP80N,T,P,80,,N,TP80N_WT.pdb,TP80N_MUT.pdb,"A,B",-19.2457,-17.9144,1.3312999999999988,ok
P_80,TP80V,T,P,80,,V,TP80V_WT.pdb,TP80V_MUT.pdb,"A,B",-19.2457,-19.8588,-0.6130999999999993,ok
P_80,TP80R,T,P,80,,R,TP80R_WT.pdb,TP80R_MUT.pdb,"A,B",-21.1622,-18.7684,2.393799999999999,ok
P_80,TP80F,T,P,80,,F,TP80F_WT.pdb,TP80F_MUT.pdb,"A,B",-19.3369,-20.591,-1.254100000000001,ok
P_80,TP80P,T,P,80,,P,TP80P_WT.pdb,TP80P_MUT.pdb,"A,B",-19.3369,-17.79,1.5469000000000008,ok
P_80,TP80D,T,P,80,,D,TP80D_WT.pdb,TP80D_MUT.pdb,"A,B",-19.3369,-18.8857,0.45120000000000005,ok
P_80,TP80H,T,P,80,,H,TP80H_WT.pdb,TP80H_MUT.pdb,"A,B",-19.2457,-17.7265,1.5191999999999979,ok
P_80,TP80Y,T,P,80,,Y,TP80Y_WT.pdb,TP80Y_MUT.pdb,"A,B",-19.3369,-20.4937,-1.1568000000000005,ok
P_80,TP80M,T,P,80,,M,TP80M_WT.pdb,TP80M_MUT.pdb,"A,B",-19.2544,-20.5021,-1.2476999999999983,ok
P_80,TP80A,T,P,80,,A,TP80A_WT.pdb,TP80A_MUT.pdb,"A,B",-19.2544,-18.6111,0.6433,ok
P_80,TP80W,T,P,80,,W,TP80W_WT.pdb,TP80W_MUT.pdb,"A,B",-19.3369,-17.3407,1.9962000000000018,ok
P_80,TP80C,T,P,80,,C,TP80C_WT.pdb,TP80C_MUT.pdb,"A,B",-19.2544,-19.0636,0.19079999999999941,ok
P_80,TP80K,T,P,80,,K,TP80K_WT.pdb,TP80K_MUT.pdb,"A,B",-19.2544,-18.4087,0.8457000000000008,ok
P_80,TP80G,T,P,80,,G,TP80G_WT.pdb,TP80G_MUT.pdb,"A,B",-19.2544,-17.9797,1.2746999999999993,ok
P_80,TP80S,T,P,80,,S,TP80S_WT.pdb,TP80S_MUT.pdb,"A,B",-19.2544,-18.4216,0.8327999999999989,ok
P_80,TP80E,T,P,80,,E,TP80E_WT.pdb,TP80E_MUT.pdb,"A,B",-19.3369,-19.3937,-0.05679999999999907,ok
P_80,TP80I,T,P,80,,I,TP80I_WT.pdb,TP80I_MUT.pdb,"A,B",-19.2544,-19.4576,-0.20319999999999894,ok
P_80,TP80Q,T,P,80,,Q,TP80Q_WT.pdb,TP80Q_MUT.pdb,"A,B",-19.2544,-19.4458,-0.19139999999999802,ok
P_81,GP81V,G,P,81,,V,GP81V_WT.pdb,GP81V_MUT.pdb,"A,B",-19.6723,-13.1588,6.5135000000000005,ok
P_81,GP81N,G,P,81,,N,GP81N_WT.pdb,GP81N_MUT.pdb,"A,B",-19.6723,1.35343,21.02573,ok
P_81,GP81T,G,P,81,,T,GP81T_WT.pdb,GP81T_MUT.pdb,"A,B",-19.6723,-8.99605,10.67625,ok
P_81,GP81L,G,P,81,,L,GP81L_WT.pdb,GP81L_MUT.pdb,"A,B",-19.6723,-1.19716,18.47514,ok
P_81,GP81D,G,P,81,,D,GP81D_WT.pdb,GP81D_MUT.pdb,"A,B",-19.6723,1.13102,20.80332,ok
P_81,GP81H,G,P,81,,H,GP81H_WT.pdb,GP81H_MUT.pdb,"A,B",-19.6723,9.92197,29.59427,ok
P_81,GP81P,G,P,81,,P,GP81P_WT.pdb,GP81P_MUT.pdb,"A,B",-19.6723,-10.208,9.4643,ok
P_81,GP81F,G,P,81,,F,GP81F_WT.pdb,GP81F_MUT.pdb,"A,B",-19.6723,11.6239,31.2962,ok
P_81,GP81R,G,P,81,,R,GP81R_WT.pdb,GP81R_MUT.pdb,"A,B",-19.6723,-3.20458,16.46772,ok
P_81,GP81C,G,P,81,,C,GP81C_WT.pdb,GP81C_MUT.pdb,"A,B",-19.6723,-12.1195,7.5527999999999995,ok
P_81,GP81W,G,P,81,,W,GP81W_WT.pdb,GP81W_MUT.pdb,"A,B",-19.6723,-1.06422,18.60808,ok
P_81,GP81M,G,P,81,,M,GP81M_WT.pdb,GP81M_MUT.pdb,"A,B",-19.6723,-8.60981,11.06249,ok
P_81,GP81A,G,P,81,,A,GP81A_WT.pdb,GP81A_MUT.pdb,"A,B",-19.6723,-14.32,5.3523,ok
P_81,GP81Y,G,P,81,,Y,GP81Y_WT.pdb,GP81Y_MUT.pdb,"A,B",-19.6723,11.7899,31.4622,ok
P_81,GP81Q,G,P,81,,Q,GP81Q_WT.pdb,GP81Q_MUT.pdb,"A,B",-19.6723,-7.92641,11.74589,ok
P_81,GP81E,G,P,81,,E,GP81E_WT.pdb,GP81E_MUT.pdb,"A,B",-19.6723,-4.19228,15.48002,ok
P_81,GP81I,G,P,81,,I,GP81I_WT.pdb,GP81I_MUT.pdb,"A,B",-19.6723,-5.70706,13.96524,ok
P_81,GP81S,G,P,81,,S,GP81S_WT.pdb,GP81S_MUT.pdb,"A,B",-19.6723,-11.0226,8.6497,ok
P_81,GP81K,G,P,81,,K,GP81K_WT.pdb,GP81K_MUT.pdb,"A,B",-19.6723,2.32832,22.00062,ok
P_75,QP75T,Q,P,75,,T,QP75T_WT.pdb,QP75T_MUT.pdb,"A,B",-19.2457,-19.4315,-0.1858000000000004,ok
P_75,QP75L,Q,P,75,,L,QP75L_WT.pdb,QP75L_MUT.pdb,"A,B",-19.2457,-19.239,0.006699999999998596,ok
P_75,QP75V,Q,P,75,,V,QP75V_WT.pdb,QP75V_MUT.pdb,"A,B",-19.2457,-19.2423,0.0033999999999991815,ok
P_75,QP75N,Q,P,75,,N,QP75N_WT.pdb,QP75N_MUT.pdb,"A,B",-19.2457,-19.2458,-9.999999999976694e-05,ok
P_75,QP75F,Q,P,75,,F,QP75F_WT.pdb,QP75F_MUT.pdb,"A,B",-19.2457,-19.2435,0.0021999999999984254,ok
P_75,QP75R,Q,P,75,,R,QP75R_WT.pdb,QP75R_MUT.pdb,"A,B",-19.2457,-19.0593,0.186399999999999,ok
P_75,QP75D,Q,P,75,,D,QP75D_WT.pdb,QP75D_MUT.pdb,"A,B",-19.2457,-19.4922,-0.24650000000000105,ok
P_75,QP75H,Q,P,75,,H,QP75H_WT.pdb,QP75H_MUT.pdb,"A,B",-19.2457,-19.0413,0.2043999999999997,ok
P_75,QP75P,Q,P,75,,P,QP75P_WT.pdb,QP75P_MUT.pdb,"A,B",-19.3255,-19.1119,0.21360000000000312,ok
P_75,QP75M,Q,P,75,,M,QP75M_WT.pdb,QP75M_MUT.pdb,"A,B",-19.2457,-19.257,-0.011300000000002086,ok
P_75,QP75A,Q,P,75,,A,QP75A_WT.pdb,QP75A_MUT.pdb,"A,B",-19.2457,-19.2729,-0.027200000000000557,ok
P_75,QP75Y,Q,P,75,,Y,QP75Y_WT.pdb,QP75Y_MUT.pdb,"A,B",-19.2457,-19.6184,-0.3727000000000018,ok
P_75,QP75C,Q,P,75,,C,QP75C_WT.pdb,QP75C_MUT.pdb,"A,B",-19.2457,-19.2376,0.008099999999998886,ok
P_75,QP75W,Q,P,75,,W,QP75W_WT.pdb,QP75W_MUT.pdb,"A,B",-19.2457,-19.4091,-0.16339999999999932,ok
P_75,QP75S,Q,P,75,,S,QP75S_WT.pdb,QP75S_MUT.pdb,"A,B",-19.2457,-19.562,-0.3163000000000018,ok
P_75,QP75K,Q,P,75,,K,QP75K_WT.pdb,QP75K_MUT.pdb,"A,B",-19.2457,-19.1477,0.09799999999999898,ok
P_75,QP75G,Q,P,75,,G,QP75G_WT.pdb,QP75G_MUT.pdb,"A,B",-19.2457,-19.2563,-0.010600000000000165,ok
P_75,QP75E,Q,P,75,,E,QP75E_WT.pdb,QP75E_MUT.pdb,"A,B",-19.2457,-19.4473,-0.2015999999999991,ok
P_75,QP75I,Q,P,75,,I,QP75I_WT.pdb,QP75I_MUT.pdb,"A,B",-19.2457,-19.3545,-0.10880000000000223,ok
P_84,LP84T,L,P,84,,T,LP84T_WT.pdb,LP84T_MUT.pdb,"A,B",-19.2457,-18.4533,0.7924000000000007,ok
P_84,LP84V,L,P,84,,V,LP84V_WT.pdb,LP84V_MUT.pdb,"A,B",-19.2457,-18.7855,0.4602000000000004,ok
P_84,LP84N,L,P,84,,N,LP84N_WT.pdb,LP84N_MUT.pdb,"A,B",-19.2457,-19.0548,0.19089999999999918,ok
P_84,LP84F,L,P,84,,F,LP84F_WT.pdb,LP84F_MUT.pdb,"A,B",-19.2457,-18.3467,0.8990000000000009,ok
P_84,LP84R,L,P,84,,R,LP84R_WT.pdb,LP84R_MUT.pdb,"A,B",-19.2457,-17.781,1.4647000000000006,ok
P_84,LP84H,L,P,84,,H,LP84H_WT.pdb,LP84H_MUT.pdb,"A,B",-19.2457,-18.232,1.0137,ok
P_84,LP84D,L,P,84,,D,LP84D_WT.pdb,LP84D_MUT.pdb,"A,B",-19.2457,-18.4664,0.7792999999999992,ok
P_84,LP84P,L,P,84,,P,LP84P_WT.pdb,LP84P_MUT.pdb,"A,B",-19.2457,-18.0033,1.2424,ok
P_84,LP84A,L,P,84,,A,LP84A_WT.pdb,LP84A_MUT.pdb,"A,B",-19.2457,-18.2629,0.982800000000001,ok
P_84,LP84M,L,P,84,,M,LP84M_WT.pdb,LP84M_MUT.pdb,"A,B",-19.2457,-18.7467,0.4989999999999988,ok
P_84,LP84Y,L,P,84,,Y,LP84Y_WT.pdb,LP84Y_MUT.pdb,"A,B",-19.2457,-18.2715,0.9741999999999997,ok
P_84,LP84C,L,P,84,,C,LP84C_WT.pdb,LP84C_MUT.pdb,"A,B",-19.2457,-18.6959,0.5497999999999976,ok
P_84,LP84W,L,P,84,,W,LP84W_WT.pdb,LP84W_MUT.pdb,"A,B",-19.2457,-18.3565,0.8891999999999989,ok
P_84,LP84S,L,P,84,,S,LP84S_WT.pdb,LP84S_MUT.pdb,"A,B",-19.2457,-18.0173,1.2284000000000006,ok
P_84,LP84G,L,P,84,,G,LP84G_WT.pdb,LP84G_MUT.pdb,"A,B",-19.2457,-18.0582,1.1875,ok
P_84,LP84K,L,P,84,,K,LP84K_WT.pdb,LP84K_MUT.pdb,"A,B",-19.2457,-17.7883,1.4573999999999998,ok
P_84,LP84Q,L,P,84,,Q,LP84Q_WT.pdb,LP84Q_MUT.pdb,"A,B",-19.2457,-18.9793,0.26640000000000086,ok
P_84,LP84I,L,P,84,,I,LP84I_WT.pdb,LP84I_MUT.pdb,"A,B",-19.2457,-18.6305,0.615199999999998,ok
P_84,LP84E,L,P,84,,E,LP84E_WT.pdb,LP84E_MUT.pdb,"A,B",-19.2831,-19.1073,0.1758000000000024,ok
P_77,DP77C,D,P,77,,C,DP77C_WT.pdb,DP77C_MUT.pdb,"A,B",-19.2457,-17.8159,1.4298000000000002,ok
P_77,DP77W,D,P,77,,W,DP77W_WT.pdb,DP77W_MUT.pdb,"A,B",-19.2457,-16.6712,2.5745000000000005,ok
P_77,DP77A,D,P,77,,A,DP77A_WT.pdb,DP77A_MUT.pdb,"A,B",-19.2457,-16.2991,2.9466,ok
P_77,DP77M,D,P,77,,M,DP77M_WT.pdb,DP77M_MUT.pdb,"A,B",-19.2457,-16.4876,2.758099999999999,ok
P_77,DP77Y,D,P,77,,Y,DP77Y_WT.pdb,DP77Y_MUT.pdb,"A,B",-19.2457,-16.2421,3.0035999999999987,ok
P_77,DP77Q,D,P,77,,Q,DP77Q_WT.pdb,DP77Q_MUT.pdb,"A,B",-19.2457,-16.9599,2.2857999999999983,ok
P_77,DP77I,D,P,77,,I,DP77I_WT.pdb,DP77I_MUT.pdb,"A,B",-19.2457,-16.4525,2.793199999999999,ok
P_77,DP77E,D,P,77,,E,DP77E_WT.pdb,DP77E_MUT.pdb,"A,B",-19.2457,-18.8312,0.4145000000000003,ok
P_77,DP77S,D,P,77,,S,DP77S_WT.pdb,DP77S_MUT.pdb,"A,B",-19.2457,-17.0052,2.240500000000001,ok
P_77,DP77G,D,P,77,,G,DP77G_WT.pdb,DP77G_MUT.pdb,"A,B",-19.2457,-16.0325,3.2132000000000005,ok
P_77,DP77K,D,P,77,,K,DP77K_WT.pdb,DP77K_MUT.pdb,"A,B",-19.2457,-16.0906,3.155100000000001,ok
P_77,DP77V,D,P,77,,V,DP77V_WT.pdb,DP77V_MUT.pdb,"A,B",-19.2457,-16.3686,2.8770999999999987,ok
P_77,DP77N,D,P,77,,N,DP77N_WT.pdb,DP77N_MUT.pdb,"A,B",-19.2457,-17.6813,1.5643999999999991,ok
P_77,DP77T,D,P,77,,T,DP77T_WT.pdb,DP77T_MUT.pdb,"A,B",-19.2457,-16.333,2.912700000000001,ok
P_77,DP77L,D,P,77,,L,DP77L_WT.pdb,DP77L_MUT.pdb,"A,B",-19.2457,-16.8239,2.421800000000001,ok
P_77,DP77H,D,P,77,,H,DP77H_WT.pdb,DP77H_MUT.pdb,"A,B",-19.2457,-17.1997,2.0459999999999994,ok
P_77,DP77P,D,P,77,,P,DP77P_WT.pdb,DP77P_MUT.pdb,"A,B",-19.2457,-15.3831,3.8625999999999987,ok
P_77,DP77F,D,P,77,,F,DP77F_WT.pdb,DP77F_MUT.pdb,"A,B",-19.2457,-16.4087,2.8369999999999997,ok
P_77,DP77R,D,P,77,,R,DP77R_WT.pdb,DP77R_MUT.pdb,"A,B",-19.2457,-15.849,3.396699999999999,ok
P_83,FP83Q,F,P,83,,Q,FP83Q_WT.pdb,FP83Q_MUT.pdb,"A,B",-19.3255,-19.2793,0.04620000000000246,ok
P_83,FP83E,F,P,83,,E,FP83E_WT.pdb,FP83E_MUT.pdb,"A,B",-19.2457,-19.3986,-0.15289999999999893,ok
P_83,FP83I,F,P,83,,I,FP83I_WT.pdb,FP83I_MUT.pdb,"A,B",-19.3255,-19.4649,-0.13939999999999841,ok
P_83,FP83S,F,P,83,,S,FP83S_WT.pdb,FP83S_MUT.pdb,"A,B",-19.3255,-19.0551,0.2704000000000022,ok
P_83,FP83K,F,P,83,,K,FP83K_WT.pdb,FP83K_MUT.pdb,"A,B",-19.2457,-19.1541,0.09159999999999968,ok
P_83,FP83G,F,P,83,,G,FP83G_WT.pdb,FP83G_MUT.pdb,"A,B",-19.3255,-18.7034,0.6221000000000032,ok
P_83,FP83C,F,P,83,,C,FP83C_WT.pdb,FP83C_MUT.pdb,"A,B",-19.3255,-18.9848,0.3407000000000018,ok
P_83,FP83W,F,P,83,,W,FP83W_WT.pdb,FP83W_MUT.pdb,"A,B",-19.2457,-19.2878,-0.04210000000000136,ok
P_83,FP83M,F,P,83,,M,FP83M_WT.pdb,FP83M_MUT.pdb,"A,B",-19.2457,-19.0955,0.1501999999999981,ok
P_83,FP83A,F,P,83,,A,FP83A_WT.pdb,FP83A_MUT.pdb,"A,B",-19.3255,-18.9147,0.41080000000000183,ok
P_83,FP83Y,F,P,83,,Y,FP83Y_WT.pdb,FP83Y_MUT.pdb,"A,B",-19.2457,-19.1996,0.04609999999999914,ok
P_83,FP83D,F,P,83,,D,FP83D_WT.pdb,FP83D_MUT.pdb,"A,B",-19.3255,-19.3765,-0.05099999999999838,ok
P_83,FP83H,F,P,83,,H,FP83H_WT.pdb,FP83H_MUT.pdb,"A,B",-19.2457,-18.8434,0.4023000000000003,ok
P_83,FP83P,F,P,83,,P,FP83P_WT.pdb,FP83P_MUT.pdb,"A,B",-19.3255,-17.9572,1.3683000000000014,ok
P_83,FP83R,F,P,83,,R,FP83R_WT.pdb,FP83R_MUT.pdb,"A,B",-19.2457,-19.0291,0.21659999999999968,ok
P_83,FP83V,F,P,83,,V,FP83V_WT.pdb,FP83V_MUT.pdb,"A,B",-19.3255,-19.5321,-0.20659999999999812,ok
P_83,FP83N,F,P,83,,N,FP83N_WT.pdb,FP83N_MUT.pdb,"A,B",-19.3255,-19.0941,0.23140000000000072,ok
P_83,FP83T,F,P,83,,T,FP83T_WT.pdb,FP83T_MUT.pdb,"A,B",-19.3255,-19.1804,0.1451000000000029,ok
P_83,FP83L,F,P,83,,L,FP83L_WT.pdb,FP83L_MUT.pdb,"A,B",-19.3255,-19.5794,-0.253899999999998,ok
P_79,EP79Y,E,P,79,,Y,EP79Y_WT.pdb,EP79Y_MUT.pdb,"A,B",-19.3357,-11.8252,7.510499999999999,ok
P_79,EP79M,E,P,79,,M,EP79M_WT.pdb,EP79M_MUT.pdb,"A,B",-19.3357,-17.3266,2.0091,ok
P_79,EP79A,E,P,79,,A,EP79A_WT.pdb,EP79A_MUT.pdb,"A,B",-19.3357,-15.7707,3.5649999999999995,ok
P_79,EP79W,E,P,79,,W,EP79W_WT.pdb,EP79W_MUT.pdb,"A,B",-19.3391,-8.28047,11.058629999999999,ok
P_79,EP79C,E,P,79,,C,EP79C_WT.pdb,EP79C_MUT.pdb,"A,B",-19.3357,-16.2885,3.0472,ok
P_79,EP79K,E,P,79,,K,EP79K_WT.pdb,EP79K_MUT.pdb,"A,B",-19.6683,-15.3548,4.3134999999999994,ok
P_79,EP79G,E,P,79,,G,EP79G_WT.pdb,EP79G_MUT.pdb,"A,B",-19.3391,-14.8421,4.496999999999998,ok
P_79,EP79S,E,P,79,,S,EP79S_WT.pdb,EP79S_MUT.pdb,"A,B",-19.3357,-16.3276,3.008099999999999,ok
P_79,EP79I,E,P,79,,I,EP79I_WT.pdb,EP79I_MUT.pdb,"A,B",-19.3357,-17.8484,1.4872999999999976,ok
P_79,EP79Q,E,P,79,,Q,EP79Q_WT.pdb,EP79Q_MUT.pdb,"A,B",-19.3357,-15.63,3.7056999999999984,ok
P_79,EP79L,E,P,79,,L,EP79L_WT.pdb,EP79L_MUT.pdb,"A,B",-19.3357,-16.9166,2.4191000000000003,ok
P_79,EP79T,E,P,79,,T,EP79T_WT.pdb,EP79T_MUT.pdb,"A,B",-19.3357,-17.3859,1.9497999999999998,ok
P_79,EP79N,E,P,79,,N,EP79N_WT.pdb,EP79N_MUT.pdb,"A,B",-19.3357,-16.3289,3.0067999999999984,ok
P_79,EP79V,E,P,79,,V,EP79V_WT.pdb,EP79V_MUT.pdb,"A,B",-19.3357,-17.4738,1.8618999999999986,ok
P_79,EP79R,E,P,79,,R,EP79R_WT.pdb,EP79R_MUT.pdb,"A,B",-19.6683,-16.2496,3.4186999999999976,ok
P_79,EP79F,E,P,79,,F,EP79F_WT.pdb,EP79F_MUT.pdb,"A,B",-19.3391,-10.5212,8.817899999999998,ok
P_79,EP79P,E,P,79,,P,EP79P_WT.pdb,EP79P_MUT.pdb,"A,B",-19.3357,-15.2577,4.077999999999999,ok
P_79,EP79D,E,P,79,,D,EP79D_WT.pdb,EP79D_MUT.pdb,"A,B",-19.3357,-17.4575,1.8781999999999996,ok
P_79,EP79H,E,P,79,,H,EP79H_WT.pdb,EP79H_MUT.pdb,"A,B",-19.3538,-14.4636,4.8902,ok
P_78,EP78W,E,P,78,,W,EP78W_WT.pdb,EP78W_MUT.pdb,"A,B",-19.2457,-18.0867,1.158999999999999,ok
P_78,EP78C,E,P,78,,C,EP78C_WT.pdb,EP78C_MUT.pdb,"A,B",-19.2457,-17.4814,1.7642999999999986,ok
P_78,EP78Y,E,P,78,,Y,EP78Y_WT.pdb,EP78Y_MUT.pdb,"A,B",-19.2457,-18.2906,0.9550999999999981,ok
P_78,EP78M,E,P,78,,M,EP78M_WT.pdb,EP78M_MUT.pdb,"A,B",-19.2457,-17.9216,1.3240999999999978,ok
P_78,EP78A,E,P,78,,A,EP78A_WT.pdb,EP78A_MUT.pdb,"A,B",-19.2457,-17.2062,2.0395000000000003,ok
P_78,EP78I,E,P,78,,I,EP78I_WT.pdb,EP78I_MUT.pdb,"A,B",-19.2457,-17.3721,1.8735999999999997,ok
P_78,EP78Q,E,P,78,,Q,EP78Q_WT.pdb,EP78Q_MUT.pdb,"A,B",-19.2457,-17.6422,1.6035000000000004,ok
P_78,EP78K,E,P,78,,K,EP78K_WT.pdb,EP78K_MUT.pdb,"A,B",-19.2457,-17.7173,1.5283999999999978,ok
P_78,EP78G,E,P,78,,G,EP78G_WT.pdb,EP78G_MUT.pdb,"A,B",-19.2457,-16.674,2.5717,ok
P_78,EP78S,E,P,78,,S,EP78S_WT.pdb,EP78S_MUT.pdb,"A,B",-19.2457,-17.3408,1.9048999999999978,ok
P_78,EP78N,E,P,78,,N,EP78N_WT.pdb,EP78N_MUT.pdb,"A,B",-19.2457,-17.8753,1.3704,ok
P_78,EP78V,E,P,78,,V,EP78V_WT.pdb,EP78V_MUT.pdb,"A,B",-19.2457,-17.7454,1.5002999999999993,ok
P_78,EP78L,E,P,78,,L,EP78L_WT.pdb,EP78L_MUT.pdb,"A,B",-19.2457,-17.437,1.8086999999999982,ok
P_78,EP78T,E,P,78,,T,EP78T_WT.pdb,EP78T_MUT.pdb,"A,B",-19.2457,-16.3381,2.9075999999999986,ok
P_78,EP78P,E,P,78,,P,EP78P_WT.pdb,EP78P_MUT.pdb,"A,B",-19.2457,-18.0267,1.2189999999999976,ok
P_78,EP78D,E,P,78,,D,EP78D_WT.pdb,EP78D_MUT.pdb,"A,B",-19.3438,-18.6186,0.725200000000001,ok
P_78,EP78H,E,P,78,,H,EP78H_WT.pdb,EP78H_MUT.pdb,"A,B",-19.2457,-17.0723,2.173400000000001,ok
P_78,EP78R,E,P,78,,R,EP78R_WT.pdb,EP78R_MUT.pdb,"A,B",-19.244,-17.9129,1.3310999999999993,ok
P_78,EP78F,E,P,78,,F,EP78F_WT.pdb,EP78F_MUT.pdb,"A,B",-19.2457,-17.2399,2.0058000000000007,ok
P_82,EP82N,E,P,82,,N,EP82N_WT.pdb,EP82N_MUT.pdb,"A,B",-19.3749,-15.0212,4.3537,ok
P_82,EP82V,E,P,82,,V,EP82V_WT.pdb,EP82V_MUT.pdb,"A,B",-19.3749,-16.3834,2.9914999999999985,ok
P_82,EP82L,E,P,82,,L,EP82L_WT.pdb,EP82L_MUT.pdb,"A,B",-19.3978,-15.9095,3.4883000000000006,ok
P_82,EP82T,E,P,82,,T,EP82T_WT.pdb,EP82T_MUT.pdb,"A,B",-19.3749,-18.3425,1.032399999999999,ok
P_82,EP82P,E,P,82,,P,EP82P_WT.pdb,EP82P_MUT.pdb,"A,B",-21.2668,-15.3012,5.9656,ok
P_82,EP82H,E,P,82,,H,EP82H_WT.pdb,EP82H_MUT.pdb,"A,B",-19.3978,-16.8015,2.5962999999999994,ok
P_82,EP82D,E,P,82,,D,EP82D_WT.pdb,EP82D_MUT.pdb,"A,B",-19.3749,-17.0559,2.318999999999999,ok
P_82,EP82R,E,P,82,,R,EP82R_WT.pdb,EP82R_MUT.pdb,"A,B",-21.0861,-16.5233,4.562799999999999,ok
P_82,EP82F,E,P,82,,F,EP82F_WT.pdb,EP82F_MUT.pdb,"A,B",-21.2253,-8.84771,12.377590000000001,ok
P_82,EP82W,E,P,82,,W,EP82W_WT.pdb,EP82W_MUT.pdb,"A,B",-20.9172,-14.8877,6.0295000000000005,ok
P_82,EP82C,E,P,82,,C,EP82C_WT.pdb,EP82C_MUT.pdb,"A,B",-19.3749,-17.6621,1.7128000000000014,ok
P_82,EP82Y,E,P,82,,Y,EP82Y_WT.pdb,EP82Y_MUT.pdb,"A,B",-19.3625,-7.58706,11.77544,ok
P_82,EP82A,E,P,82,,A,EP82A_WT.pdb,EP82A_MUT.pdb,"A,B",-21.2181,-16.3904,4.8277,ok
P_82,EP82M,E,P,82,,M,EP82M_WT.pdb,EP82M_MUT.pdb,"A,B",-19.3749,-17.9849,1.3900000000000006,ok
P_82,EP82I,E,P,82,,I,EP82I_WT.pdb,EP82I_MUT.pdb,"A,B",-19.3978,-15.9073,3.490500000000001,ok
P_82,EP82Q,E,P,82,,Q,EP82Q_WT.pdb,EP82Q_MUT.pdb,"A,B",-21.2181,-17.8544,3.3637000000000015,ok
P_82,EP82G,E,P,82,,G,EP82G_WT.pdb,EP82G_MUT.pdb,"A,B",-21.2668,-15.4669,5.799899999999999,ok
P_82,EP82K,E,P,82,,K,EP82K_WT.pdb,EP82K_MUT.pdb,"A,B",-19.3749,-14.0181,5.3568,ok
P_82,EP82S,E,P,82,,S,EP82S_WT.pdb,EP82S_MUT.pdb,"A,B",-21.2668,-17.1914,4.075399999999998,ok
P_76,LP76C,L,P,76,,C,LP76C_WT.pdb,LP76C_MUT.pdb,"A,B",-19.3255,-18.7228,0.6027000000000022,ok
P_76,LP76W,L,P,76,,W,LP76W_WT.pdb,LP76W_MUT.pdb,"A,B",-19.3276,-18.9324,0.3951999999999991,ok
P_76,LP76A,L,P,76,,A,LP76A_WT.pdb,LP76A_MUT.pdb,"A,B",-19.3255,-18.5112,0.8143000000000029,ok
P_76,LP76M,L,P,76,,M,LP76M_WT.pdb,LP76M_MUT.pdb,"A,B",-19.3255,-19.5176,-0.19209999999999994,ok
P_76,LP76Y,L,P,76,,Y,LP76Y_WT.pdb,LP76Y_MUT.pdb,"A,B",-19.3255,-18.5591,0.7664000000000009,ok
P_76,LP76Q,L,P,76,,Q,LP76Q_WT.pdb,LP76Q_MUT.pdb,"A,B",-19.3255,-19.2328,0.09270000000000067,ok
P_76,LP76I,L,P,76,,I,LP76I_WT.pdb,LP76I_MUT.pdb,"A,B",-19.3255,-19.0753,0.2502000000000031,ok
P_76,LP76E,L,P,76,,E,LP76E_WT.pdb,LP76E_MUT.pdb,"A,B",-19.3255,-19.6608,-0.3352999999999966,ok
P_76,LP76S,L,P,76,,S,LP76S_WT.pdb,LP76S_MUT.pdb,"A,B",-19.3255,-18.5038,0.8217000000000034,ok
P_76,LP76G,L,P,76,,G,LP76G_WT.pdb,LP76G_MUT.pdb,"A,B",-19.3255,-18.5215,0.804000000000002,ok
P_76,LP76K,L,P,76,,K,LP76K_WT.pdb,LP76K_MUT.pdb,"A,B",-19.3255,-19.2526,0.07290000000000063,ok
P_76,LP76V,L,P,76,,V,LP76V_WT.pdb,LP76V_MUT.pdb,"A,B",-19.3276,-18.8729,0.454699999999999,ok
P_76,LP76N,L,P,76,,N,LP76N_WT.pdb,LP76N_MUT.pdb,"A,B",-19.3255,-19.2975,0.028000000000002245,ok
P_76,LP76T,L,P,76,,T,LP76T_WT.pdb,LP76T_MUT.pdb,"A,B",-19.3255,-18.4087,0.9168000000000021,ok
P_76,LP76H,L,P,76,,H,LP76H_WT.pdb,LP76H_MUT.pdb,"A,B",-19.3255,-19.001,0.32450000000000045,ok
P_76,LP76D,L,P,76,,D,LP76D_WT.pdb,LP76D_MUT.pdb,"A,B",-19.3255,-19.398,-0.07249999999999801,ok
P_76,LP76P,L,P,76,,P,LP76P_WT.pdb,LP76P_MUT.pdb,"A,B",-19.3255,-18.5154,0.810100000000002,ok
P_76,LP76F,L,P,76,,F,LP76F_WT.pdb,LP76F_MUT.pdb,"A,B",-19.3255,-18.6118,0.7137000000000029,ok
P_76,LP76R,L,P,76,,R,LP76R_WT.pdb,LP76R_MUT.pdb,"A,B",-19.3255,-19.0662,0.2593000000000032,ok
P_71,FP71R,F,P,71,,R,FP71R_WT.pdb,FP71R_MUT.pdb,"A,B",-19.2457,-19.3498,-0.10409999999999897,ok
P_71,FP71D,F,P,71,,D,FP71D_WT.pdb,FP71D_MUT.pdb,"A,B",-19.2457,-19.2331,0.012599999999999056,ok
P_71,FP71H,F,P,71,,H,FP71H_WT.pdb,FP71H_MUT.pdb,"A,B",-19.2457,-19.2457,0.0,ok
P_71,FP71P,F,P,71,,P,FP71P_WT.pdb,FP71P_MUT.pdb,"A,B",-19.2457,-19.2457,0.0,ok
P_71,FP71T,F,P,71,,T,FP71T_WT.pdb,FP71T_MUT.pdb,"A,B",-19.2457,-19.2457,0.0,ok
P_71,FP71L,F,P,71,,L,FP71L_WT.pdb,FP71L_MUT.pdb,"A,B",-19.2457,-19.2457,0.0,ok
P_71,FP71V,F,P,71,,V,FP71V_WT.pdb,FP71V_MUT.pdb,"A,B",-19.2457,-19.2457,0.0,ok
P_71,FP71N,F,P,71,,N,FP71N_WT.pdb,FP71N_MUT.pdb,"A,B",-19.2457,-19.2457,0.0,ok
P_71,FP71S,F,P,71,,S,FP71S_WT.pdb,FP71S_MUT.pdb,"A,B",-19.2457,-19.2457,0.0,ok
P_71,FP71K,F,P,71,,K,FP71K_WT.pdb,FP71K_MUT.pdb,"A,B",-19.2457,-19.2856,-0.03989999999999938,ok
P_71,FP71G,F,P,71,,G,FP71G_WT.pdb,FP71G_MUT.pdb,"A,B",-19.2457,-19.2457,0.0,ok
P_71,FP71Q,F,P,71,,Q,FP71Q_WT.pdb,FP71Q_MUT.pdb,"A,B",-19.2457,-19.2457,0.0,ok
P_71,FP71E,F,P,71,,E,FP71E_WT.pdb,FP71E_MUT.pdb,"A,B",-19.2457,-19.2184,0.027300000000000324,ok
P_71,FP71I,F,P,71,,I,FP71I_WT.pdb,FP71I_MUT.pdb,"A,B",-19.2457,-19.2457,0.0,ok
P_71,FP71M,F,P,71,,M,FP71M_WT.pdb,FP71M_MUT.pdb,"A,B",-19.2457,-19.2457,0.0,ok
P_71,FP71A,F,P,71,,A,FP71A_WT.pdb,FP71A_MUT.pdb,"A,B",-19.2457,-19.2457,0.0,ok
P_71,FP71Y,F,P,71,,Y,FP71Y_WT.pdb,FP71Y_MUT.pdb,"A,B",-19.2457,-19.2457,0.0,ok
P_71,FP71C,F,P,71,,C,FP71C_WT.pdb,FP71C_MUT.pdb,"A,B",-19.2457,-19.2457,0.0,ok
P_71,FP71W,F,P,71,,W,FP71W_WT.pdb,FP71W_MUT.pdb,"A,B",-19.2457,-19.2457,0.0,ok
